问题名称,URL,浏览量,标签
22道 JavaScript 面试常被问到的问题,/t/RLb2j2qLz,91,其他
js经典面试题汇总,/t/xEO8j84yj,93,其他
比较经典的Js面试题大汇总,/t/NLXvjvxEV,91,其他
20个必会的JavaScript面试题（你能做对几道）,/t/REQnjnGy1,71,其他
前端面试题系列-- JS篇,/t/AL2xYxzER,85,其他
MySQL8，体验不一样的安装方式！,/t/pLmRjReBg,75,数据库
MySQL8 常用命令,/t/wyk7NbOyX,74,数据库
mysql8与mysql5的单连接性能比较,/t/5yv07oVBp,72,数据库
Mysql8基础知识,/t/ZBWnj9vLP,79,数据库
mysql8 新特性总结,/t/6Eopjbpyl,73,数据库
Git简介（*）,/t/pL80YooL9,81,Linux云计算
git使用（git命令）,/t/lL3rYvAyn,79,Linux云计算
Git基础(常用命令)介绍,/t/wLnYjgPyg,79,Linux云计算
git基本使用（超详细）[通俗易懂],/t/vEwplnJyJ,90,Linux云计算
Git使用指南,/t/PE6NY1pEg,116,Linux云计算
Nginx超详细介绍 nginx入门 nginx配置 nginx详解 nginx优化,/t/QEqpr3eBz,105,Linux云计算
apache服务讲解,/t/DLRnjzmLP,124,Linux云计算
VIM基本介绍,/t/zLAxYe5yW,131,Linux云计算
Linux文件或目录的权限管理、网络管理、进程管理、服务管理的相关命令,/t/WygOjKxyn,106,Linux云计算
Linux常用操作命令大全,/t/eyV1jwmEX,114,Linux云计算
22道 JavaScript 面试常被问到的问题,/t/RLb2j2qLz,91,其他
js经典面试题汇总,/t/xEO8j84yj,93,其他
比较经典的Js面试题大汇总,/t/NLXvjvxEV,91,其他
20个必会的JavaScript面试题（你能做对几道）,/t/REQnjnGy1,71,其他
前端面试题系列-- JS篇,/t/AL2xYxzER,85,其他
MySQL8，体验不一样的安装方式！,/t/pLmRjReBg,75,数据库
MySQL8 常用命令,/t/wyk7NbOyX,74,数据库
mysql8与mysql5的单连接性能比较,/t/5yv07oVBp,72,数据库
Mysql8基础知识,/t/ZBWnj9vLP,79,数据库
mysql8 新特性总结,/t/6Eopjbpyl,73,数据库
Git简介（*）,/t/pL80YooL9,81,Linux云计算
git使用（git命令）,/t/lL3rYvAyn,79,Linux云计算
Git基础(常用命令)介绍,/t/wLnYjgPyg,79,Linux云计算
git基本使用（超详细）[通俗易懂],/t/vEwplnJyJ,90,Linux云计算
Git使用指南,/t/PE6NY1pEg,116,Linux云计算
Nginx超详细介绍 nginx入门 nginx配置 nginx详解 nginx优化,/t/QEqpr3eBz,105,Linux云计算
apache服务讲解,/t/DLRnjzmLP,124,Linux云计算
VIM基本介绍,/t/zLAxYe5yW,131,Linux云计算
Linux文件或目录的权限管理、网络管理、进程管理、服务管理的相关命令,/t/WygOjKxyn,106,Linux云计算
Linux常用操作命令大全,/t/eyV1jwmEX,114,Linux云计算
用HTML、CSS技术设计的个人网页与实现制作,/t/DExb4bmLK,60,Web前端
web前端网页设计与制作,/t/OLM9j9XLd,72,Web前端
web总结及网页制作,/t/pErdKdNLd,53,Web前端
web前端【HTML网页制作开发】一篇就够,/t/mLK1Y1dE3,57,Web前端
WEB前端 网页设计 简介,/t/ky55Y5Oya,58,Web前端
CSS3 媒体查询,/t/DLeYjYRLX,51,Web前端
CSS3_新特性预览,/t/VEZ9j96B3,42,Web前端
CSS3选择器归类整理（附CSS优先级要点）,/t/QL7ZYZJyk,51,Web前端
实例解析CSS3圆角的实现方法,/t/9ElVjVbLR,49,Web前端
CSS3旋转实例学习（附3D旋转实例）,/t/7y4KYK1E3,46,Web前端
HTML5拖放API使用及小案例实现,/t/xLPZjZ9Ee,60,Web前端
HTML5总结与案例,/t/kyJmYmrEe,55,Web前端
Html5之canvas详解,/t/DExb4bQLK,55,Web前端
HTML5的基础知识的梳理及常用标签,/t/OLM9j9GLd,56,Web前端
HTML5（入门）,/t/MLDpYprLY,67,Web前端
Web前端经典面试题之HTML篇,/t/NB0WYWrLe,17,其他
分享18个常见HTML面试题及答案解析,/t/vy93Y3PBK,21,其他
27道HTML基础面试题及答案汇总,/t/nBzoJo5E2,18,其他
前端十八道html面试题,/t/pBa1j1jBJ,15,其他
html常见面试题,/t/ZBdXjX5Bp,18,其他
用HTML、CSS技术设计的个人网页与实现制作,/t/DExb4bmLK,60,Web前端
web前端网页设计与制作,/t/OLM9j9XLd,72,Web前端
web总结及网页制作,/t/pErdKdNLd,53,Web前端
web前端【HTML网页制作开发】一篇就够,/t/mLK1Y1dE3,57,Web前端
WEB前端 网页设计 简介,/t/ky55Y5Oya,58,Web前端
CSS3 媒体查询,/t/DLeYjYRLX,51,Web前端
CSS3_新特性预览,/t/VEZ9j96B3,42,Web前端
CSS3选择器归类整理（附CSS优先级要点）,/t/QL7ZYZJyk,51,Web前端
实例解析CSS3圆角的实现方法,/t/9ElVjVbLR,49,Web前端
CSS3旋转实例学习（附3D旋转实例）,/t/7y4KYK1E3,46,Web前端
HTML5拖放API使用及小案例实现,/t/xLPZjZ9Ee,60,Web前端
HTML5总结与案例,/t/kyJmYmrEe,55,Web前端
Html5之canvas详解,/t/DExb4bQLK,55,Web前端
HTML5的基础知识的梳理及常用标签,/t/OLM9j9GLd,56,Web前端
HTML5（入门）,/t/MLDpYprLY,67,Web前端
Web前端经典面试题之HTML篇,/t/NB0WYWrLe,17,其他
分享18个常见HTML面试题及答案解析,/t/vy93Y3PBK,21,其他
27道HTML基础面试题及答案汇总,/t/nBzoJo5E2,18,其他
前端十八道html面试题,/t/pBa1j1jBJ,15,其他
html常见面试题,/t/ZBdXjX5Bp,18,其他
JavaScript入门,/t/DLRnjl7LP,63,Web前端
javaScript实战——贪吃蛇,/t/zLAxYmKyW,36,Web前端
10个最常见的JavaScript问题,/t/WygOjOkyn,29,Web前端
JavaScript 项目实战工具类,/t/eyV1j1VEX,29,Web前端
30+个 JavaScript 知识点汇总，你都了解了吗？,/t/Gy1nYnlLv,35,Web前端
javascript实战常用方法集合,/t/ayppjppyK,26,Web前端
13个Javascript 技巧和最佳实践,/t/XyGGYG8yp,32,Web前端
20个超级有用的 JavaScript 技巧,/t/nEYwjwaLN,26,Web前端
代码审计 JavaScript代码理解,/t/DLjMjMgy9,25,Web前端
JavaScript 教程 （详细 全面）,/t/YBNAjA1Lw,38,Web前端
Ajax 简单案例,/t/pErdKd8Ld,37,Web前端
AJax入门案例（代码实现）,/t/mLK1Y1aE3,33,Web前端
Ajax技术 实例篇,/t/ky55Y5Qya,29,Web前端
jQuery的Ajax实例（附完整代码）,/t/DLeYjYGLX,29,Web前端
Ajax案例实战分析,/t/VEZ9j9XB3,29,Web前端
HTML+CSS十分钟实现响应式布局页面，响应式布局实战教程,/t/QL7ZYZjyk,65,Web前端
html5/css3响应式页面开发总结,/t/9ElVjVQLR,57,Web前端
响应式布局简单知识,/t/7y4KYK2E3,53,Web前端
html5/css3响应式布局介绍及设计流程,/t/xLPZjZmEe,69,Web前端
响应式布局,/t/kyJmYm2Ee,54,Web前端
JavaScript入门,/t/DLRnjl7LP,63,Web前端
javaScript实战——贪吃蛇,/t/zLAxYmKyW,36,Web前端
10个最常见的JavaScript问题,/t/WygOjOkyn,29,Web前端
JavaScript 项目实战工具类,/t/eyV1j1VEX,29,Web前端
30+个 JavaScript 知识点汇总，你都了解了吗？,/t/Gy1nYnlLv,35,Web前端
javascript实战常用方法集合,/t/ayppjppyK,26,Web前端
13个Javascript 技巧和最佳实践,/t/XyGGYG8yp,32,Web前端
20个超级有用的 JavaScript 技巧,/t/nEYwjwaLN,26,Web前端
代码审计 JavaScript代码理解,/t/DLjMjMgy9,25,Web前端
JavaScript 教程 （详细 全面）,/t/YBNAjA1Lw,38,Web前端
Ajax 简单案例,/t/pErdKd8Ld,37,Web前端
AJax入门案例（代码实现）,/t/mLK1Y1aE3,33,Web前端
Ajax技术 实例篇,/t/ky55Y5Qya,29,Web前端
jQuery的Ajax实例（附完整代码）,/t/DLeYjYGLX,29,Web前端
Ajax案例实战分析,/t/VEZ9j9XB3,29,Web前端
HTML+CSS十分钟实现响应式布局页面，响应式布局实战教程,/t/QL7ZYZjyk,65,Web前端
html5/css3响应式页面开发总结,/t/9ElVjVQLR,57,Web前端
响应式布局简单知识,/t/7y4KYK2E3,53,Web前端
html5/css3响应式布局介绍及设计流程,/t/xLPZjZmEe,69,Web前端
响应式布局,/t/kyJmYm2Ee,54,Web前端
js 实现旋转拖拽拉伸,/t/vy93YRKBK,32,Web前端
JavaScript之DOM性能优化篇,/t/nBzoJVaE2,24,Web前端
JS之DOM常用API,/t/pBa1jW7BJ,38,Web前端
js操作DOM的方法总结整理,/t/ZBdXjwZBp,31,Web前端
JS中的DOM,/t/RLb2jJPLz,23,Web前端
原生JS学习 DOM （案例）,/t/xEO8jlvyj,36,Web前端
一篇文章带你吃透JavaScript中的DOM知识及用法,/t/NLXvjQ2EV,22,Web前端
学习JS中的DOM节点以及操作,/t/REQnj84y1,24,Web前端
JavaScript DOM - Node接口,/t/AL2xYjMER,33,Web前端
JS 之 DOM详解,/t/pLmRj31Bg,26,Web前端
JavaScript学习笔记（BOM编程案例）,/t/wyk7N84yX,28,Web前端
JavaScript： BOM案例,/t/5yv07jZBp,27,Web前端
【JavaScript】BOM常用操作总结,/t/ZBWnjvZLP,35,Web前端
JavaScript 中的BOM对象,/t/6EopjXWyl,38,Web前端
JavaScript进阶之BOM技术,/t/pL80Y7YL9,23,Web前端
javascript之BOM事件注册和案例,/t/lL3rYMoyn,29,Web前端
BOM常用对象,/t/wLnYjd4yg,39,Web前端
JavaScript_BOM基础知识整理总结,/t/vEwpldPyJ,33,Web前端
BOM对象、JavaScript事件,/t/PE6NYvaEg,33,Web前端
【JS】BOM 详解（工作必备）,/t/QEqprjwBz,37,Web前端
js 实现旋转拖拽拉伸,/t/vy93YRKBK,32,Web前端
JavaScript之DOM性能优化篇,/t/nBzoJVaE2,24,Web前端
JS之DOM常用API,/t/pBa1jW7BJ,38,Web前端
js操作DOM的方法总结整理,/t/ZBdXjwZBp,31,Web前端
JS中的DOM,/t/RLb2jJPLz,23,Web前端
原生JS学习 DOM （案例）,/t/xEO8jlvyj,36,Web前端
一篇文章带你吃透JavaScript中的DOM知识及用法,/t/NLXvjQ2EV,22,Web前端
学习JS中的DOM节点以及操作,/t/REQnj84y1,24,Web前端
JavaScript DOM - Node接口,/t/AL2xYjMER,33,Web前端
JS 之 DOM详解,/t/pLmRj31Bg,26,Web前端
JavaScript学习笔记（BOM编程案例）,/t/wyk7N84yX,28,Web前端
JavaScript： BOM案例,/t/5yv07jZBp,27,Web前端
【JavaScript】BOM常用操作总结,/t/ZBWnjvZLP,35,Web前端
JavaScript 中的BOM对象,/t/6EopjXWyl,38,Web前端
JavaScript进阶之BOM技术,/t/pL80Y7YL9,23,Web前端
javascript之BOM事件注册和案例,/t/lL3rYMoyn,29,Web前端
BOM常用对象,/t/wLnYjd4yg,39,Web前端
JavaScript_BOM基础知识整理总结,/t/vEwpldPyJ,33,Web前端
BOM对象、JavaScript事件,/t/PE6NYvaEg,33,Web前端
【JS】BOM 详解（工作必备）,/t/QEqprjwBz,37,Web前端
BootStrap详解,/t/Gy1nYllLv,49,Web前端
基于最新版Bootstrap 5 前端开发框架 和 最新版jQuery v3.6.1 的JavaScript框架的图书管理系统,/t/ayppj8pyK,47,Web前端
BootStrap内容之表格,/t/XyGGYv8yp,43,Web前端
bootstrap5自动补全(bootstrap5autocomplete),/t/nEYwjraLN,44,Web前端
引用Bootstrap做案例的一些注意事项,/t/DLjMjYgy9,48,Web前端
制作可以自动校验的表单（从原理上分析ajax的作用）,/t/YBNAjv1Lw,38,Web前端
前端 ajax 请求的优雅方案,/t/pErdKG8Ld,51,Web前端
Ajax实战:Cookie、Session,/t/mLK1Y2aE3,43,Web前端
ajax 跨域，解决方案,/t/ky55YpQya,62,Web前端
Ajax基础和手写封装Ajax函数,/t/DLeYjDGLX,55,Web前端
了解jQuery(常见选择器+相关尺寸+元素/节点操作),/t/VEZ9jKXB3,62,Web前端
jquery常用方法,/t/QL7ZYAjyk,49,Web前端
jQuery特性,/t/9ElVjzQLR,49,Web前端
JQuery 用法总结,/t/7y4KYo2E3,42,Web前端
jquery详解,/t/xLPZjvmEe,55,Web前端
使用jQuery封装一套UI组件 - 单选框,/t/kyJmYQ2Ee,60,Web前端
jquery 事件绑定及取消 bind live delegate on one区别,/t/DExb4gmLK,45,Web前端
使用jQuery封装一套UI组件 - 移动端时间选择组件,/t/OLM9j2XLd,50,Web前端
jquery实现别踩白块，音游人动起来~,/t/MLDpYlVLY,43,Web前端
JQuery中的拷贝对象及相关的插件,/t/NB0WYnmLe,49,Web前端
BootStrap详解,/t/Gy1nYllLv,49,Web前端
基于最新版Bootstrap 5 前端开发框架 和 最新版jQuery v3.6.1 的JavaScript框架的图书管理系统,/t/ayppj8pyK,47,Web前端
BootStrap内容之表格,/t/XyGGYv8yp,43,Web前端
bootstrap5自动补全(bootstrap5autocomplete),/t/nEYwjraLN,44,Web前端
引用Bootstrap做案例的一些注意事项,/t/DLjMjYgy9,48,Web前端
制作可以自动校验的表单（从原理上分析ajax的作用）,/t/YBNAjv1Lw,38,Web前端
前端 ajax 请求的优雅方案,/t/pErdKG8Ld,51,Web前端
Ajax实战:Cookie、Session,/t/mLK1Y2aE3,43,Web前端
ajax 跨域，解决方案,/t/ky55YpQya,62,Web前端
Ajax基础和手写封装Ajax函数,/t/DLeYjDGLX,55,Web前端
了解jQuery(常见选择器+相关尺寸+元素/节点操作),/t/VEZ9jKXB3,62,Web前端
jquery常用方法,/t/QL7ZYAjyk,49,Web前端
jQuery特性,/t/9ElVjzQLR,49,Web前端
JQuery 用法总结,/t/7y4KYo2E3,42,Web前端
jquery详解,/t/xLPZjvmEe,55,Web前端
使用jQuery封装一套UI组件 - 单选框,/t/kyJmYQ2Ee,60,Web前端
jquery 事件绑定及取消 bind live delegate on one区别,/t/DExb4gmLK,45,Web前端
使用jQuery封装一套UI组件 - 移动端时间选择组件,/t/OLM9j2XLd,50,Web前端
jquery实现别踩白块，音游人动起来~,/t/MLDpYlVLY,43,Web前端
JQuery中的拷贝对象及相关的插件,/t/NB0WYnmLe,49,Web前端
React-router路由,/t/MLDpYwVLY,66,Web前端
React全家桶 - axios请求数据,/t/xEO8jYvyj,56,Web前端
React全家桶 - React脚手架,/t/NLXvj82EV,58,Web前端
React全家桶 - 组件化编程,/t/REQnjl4y1,37,Web前端
react全家桶有哪些？（详细）,/t/AL2xYvMER,57,Web前端
2022 年值得推荐的 Vue 库！,/t/pLmRjp1Bg,62,Web前端
使用 vue 脚手架创建项目,/t/wyk7No4yX,59,Web前端
Vue 页面高亮显示代码块,/t/5yv07VZBp,69,Web前端
Vue 页面读取并展示 Markdown 文件,/t/ZBWnjwZLP,56,Web前端
最全vue面试题+详解答案,/t/6EopjgWyl,55,Web前端
Vue全家桶 - 前后端交互+接口调用方法(fetch、axios、async/await),/t/pL80YRYL9,52,Web前端
Vue全家桶 - 模块化+Webpack+Element-UI,/t/lL3rYPoyn,54,Web前端
Vue组件通信+Vue组件插槽+动画与过渡+使用vue-cli解决Ajax跨域问题,/t/wLnYjk4yg,49,Web前端
Vue组件化开发+Vue脚手架,/t/vEwplkPyJ,43,Web前端
Vue全家桶 - Vue基础,/t/PE6NYeaEg,61,Web前端
手写axios实现基础搭建,/t/QEqprNwBz,39,Web前端
Axios详细教程,/t/DLRnjk7LP,38,Web前端
ECMAScript6详解,/t/zLAxYlKyW,39,Web前端
webpack详解,/t/WygOjAkyn,42,Web前端
npm详解,/t/eyV1j3VEX,43,Web前端
React-router路由,/t/MLDpYwVLY,66,Web前端
React全家桶 - axios请求数据,/t/xEO8jYvyj,56,Web前端
React全家桶 - React脚手架,/t/NLXvj82EV,58,Web前端
React全家桶 - 组件化编程,/t/REQnjl4y1,37,Web前端
react全家桶有哪些？（详细）,/t/AL2xYvMER,57,Web前端
2022 年值得推荐的 Vue 库！,/t/pLmRjp1Bg,62,Web前端
使用 vue 脚手架创建项目,/t/wyk7No4yX,59,Web前端
Vue 页面高亮显示代码块,/t/5yv07VZBp,69,Web前端
Vue 页面读取并展示 Markdown 文件,/t/ZBWnjwZLP,56,Web前端
最全vue面试题+详解答案,/t/6EopjgWyl,55,Web前端
Vue全家桶 - 前后端交互+接口调用方法(fetch、axios、async/await),/t/pL80YRYL9,52,Web前端
Vue全家桶 - 模块化+Webpack+Element-UI,/t/lL3rYPoyn,54,Web前端
Vue组件通信+Vue组件插槽+动画与过渡+使用vue-cli解决Ajax跨域问题,/t/wLnYjk4yg,49,Web前端
Vue组件化开发+Vue脚手架,/t/vEwplkPyJ,43,Web前端
Vue全家桶 - Vue基础,/t/PE6NYeaEg,61,Web前端
手写axios实现基础搭建,/t/QEqprNwBz,39,Web前端
Axios详细教程,/t/DLRnjk7LP,38,Web前端
ECMAScript6详解,/t/zLAxYlKyW,39,Web前端
webpack详解,/t/WygOjAkyn,42,Web前端
npm详解,/t/eyV1j3VEX,43,Web前端
带你搞懂uniapp跨域问题（实例详解）,/t/VEZ9jdVB3,40,Web前端
uni-app 常用组件实战,/t/QL7ZYvvyk,50,Web前端
Uniapp进行APP打包——iOS 系统,/t/9ElVjlzLR,44,Web前端
uniapp应用间实现通信，通过自定义广播实现,/t/7y4KYXKE3,42,Web前端
uni-app:小程序开发总结,/t/xLPZj71Ee,60,Web前端
uniapp-数据刷新,/t/kyJmY8zEe,34,Web前端
uni-app 从0 到 1 制作一个项目，收藏等于学会,/t/DExb4z7LK,64,Web前端
uniapp使用相关技术要点,/t/OLM9jN1Ld,60,Web前端
uniApp介绍篇-基础框架搭建与排坑备忘,/t/pErdKp8Ld,41,Web前端
uni-app 介绍及使用,/t/mLK1YmaE3,73,Web前端
node与js的关系,/t/ky55Y0Qya,56,Web前端
Node.js 模块系统,/t/DLeYjlGLX,57,Web前端
Nodejs创建简单的微服务,/t/VEZ9jdXB3,51,Web前端
Node.js安装与配置（详细步骤）,/t/QL7ZYvjyk,98,Web前端
node.js 详解,/t/9ElVjlQLR,55,Web前端
小程序实战总结,/t/7y4KYX2E3,39,Web前端
微信小程序-封装工具类,/t/xLPZj7mEe,56,Web前端
微信小程序——商城篇,/t/kyJmY82Ee,59,Web前端
微信小程序支付功能全流程实践,/t/DExb4zmLK,65,Web前端
如何开发微信小程序？(入门须知),/t/OLM9jNXLd,67,Web前端
带你搞懂uniapp跨域问题（实例详解）,/t/VEZ9jdVB3,40,Web前端
uni-app 常用组件实战,/t/QL7ZYvvyk,50,Web前端
Uniapp进行APP打包——iOS 系统,/t/9ElVjlzLR,44,Web前端
uniapp应用间实现通信，通过自定义广播实现,/t/7y4KYXKE3,42,Web前端
uni-app:小程序开发总结,/t/xLPZj71Ee,60,Web前端
uniapp-数据刷新,/t/kyJmY8zEe,34,Web前端
uni-app 从0 到 1 制作一个项目，收藏等于学会,/t/DExb4z7LK,64,Web前端
uniapp使用相关技术要点,/t/OLM9jN1Ld,60,Web前端
uniApp介绍篇-基础框架搭建与排坑备忘,/t/pErdKp8Ld,41,Web前端
uni-app 介绍及使用,/t/mLK1YmaE3,73,Web前端
node与js的关系,/t/ky55Y0Qya,56,Web前端
Node.js 模块系统,/t/DLeYjlGLX,57,Web前端
Nodejs创建简单的微服务,/t/VEZ9jdXB3,51,Web前端
Node.js安装与配置（详细步骤）,/t/QL7ZYvjyk,98,Web前端
node.js 详解,/t/9ElVjlQLR,55,Web前端
小程序实战总结,/t/7y4KYX2E3,39,Web前端
微信小程序-封装工具类,/t/xLPZj7mEe,56,Web前端
微信小程序——商城篇,/t/kyJmY82Ee,59,Web前端
微信小程序支付功能全流程实践,/t/DExb4zmLK,65,Web前端
如何开发微信小程序？(入门须知),/t/OLM9jNXLd,67,Web前端
30分钟入门TypeScript,/t/6Eopja7yl,36,Web前端
TypeScript如何引入js库,/t/pL80YvDL9,44,Web前端
10 个高级 TypeScript 开发技巧,/t/lL3rYO7yn,46,Web前端
TypeScript的特征以及和JavaScript的区别,/t/wLnYjOXyg,44,Web前端
TypeScript 全面介绍,/t/vEwpl9MyJ,61,Web前端
5个很棒的 React.js 库，值得你亲手试试！,/t/PE6NYMGEg,39,Web前端
基于MVC理解React+Redux,/t/QEqprbYBz,47,Web前端
【初识React框架】React 核心概念,/t/zLAxYRgyW,57,Web前端
React知识点总结,/t/DLRnj40LP,57,Web前端
React教程（详细版）,/t/eyV1jg7EX,58,Web前端
ajax的使用方法（ajax示例使用方法）,/t/Gy1nYdrLv,34,Web前端
原生ajax发送ajax请求的具体步骤,/t/ayppjxoyK,34,Web前端
JQuery发送Ajax请求、ajax使用fetch函数（返回值是Promise对象）,/t/XyGGYJYyp,38,Web前端
axios和ajax的区别是什么,/t/nEYwj18LN,39,Web前端
Ajax详解,/t/DLjMjdey9,46,Web前端
Bootstrap 导航栏,/t/YBNAj5lLw,50,Web前端
BootStrap内容之表格,/t/pErdKAgLd,54,Web前端
BootStrap详解,/t/mLK1YARE3,47,Web前端
Bootstrap基本介绍,/t/ky55Y2bya,59,Web前端
Bootstrap(前端开发框架),/t/DLeYjWnLX,45,Web前端
30分钟入门TypeScript,/t/6Eopja7yl,36,Web前端
TypeScript如何引入js库,/t/pL80YvDL9,44,Web前端
10 个高级 TypeScript 开发技巧,/t/lL3rYO7yn,46,Web前端
TypeScript的特征以及和JavaScript的区别,/t/wLnYjOXyg,44,Web前端
TypeScript 全面介绍,/t/vEwpl9MyJ,61,Web前端
5个很棒的 React.js 库，值得你亲手试试！,/t/PE6NYMGEg,39,Web前端
基于MVC理解React+Redux,/t/QEqprbYBz,47,Web前端
【初识React框架】React 核心概念,/t/zLAxYRgyW,57,Web前端
React知识点总结,/t/DLRnj40LP,57,Web前端
React教程（详细版）,/t/eyV1jg7EX,58,Web前端
ajax的使用方法（ajax示例使用方法）,/t/Gy1nYdrLv,34,Web前端
原生ajax发送ajax请求的具体步骤,/t/ayppjxoyK,34,Web前端
JQuery发送Ajax请求、ajax使用fetch函数（返回值是Promise对象）,/t/XyGGYJYyp,38,Web前端
axios和ajax的区别是什么,/t/nEYwj18LN,39,Web前端
Ajax详解,/t/DLjMjdey9,46,Web前端
Bootstrap 导航栏,/t/YBNAj5lLw,50,Web前端
BootStrap内容之表格,/t/pErdKAgLd,54,Web前端
BootStrap详解,/t/mLK1YARE3,47,Web前端
Bootstrap基本介绍,/t/ky55Y2bya,59,Web前端
Bootstrap(前端开发框架),/t/DLeYjWnLX,45,Web前端
Vue3+TypeScript+vite创建项目步骤,/t/7y4KYpKE3,55,Web前端
Vue 3.x + Typescript + Vite 踩坑指南,/t/xLPZj41Ee,76,Web前端
关于 Vue3 + Vite2 + TypeScript 项目开发的使用总结,/t/kyJmYRzEe,44,Web前端
vite搭建vue3、typeScript项目,/t/DExb4N7LK,54,Web前端
一套规范的vue3+vite2+ts4前端工程化项目环境,/t/OLM9jK1Ld,61,Web前端
[JS-DOM BOM学习笔记]移动端网页特效,/t/MLDpYGRLY,34,Web前端
JS核心之操作DOM和BOM（个人整理最全版，涵盖核心DOM和BOM操作）,/t/NB0WYjKLe,38,Web前端
JS的BOM与DOM操作,/t/vy93YA6BK,61,Web前端
JavaScript中的BOM与DOM,/t/nBzoJ4NE2,38,Web前端
JavaScript Dom 和Bom的区别,/t/pBa1jPZBJ,49,Web前端
JavaScript基础语法,/t/ZBdXjMaBp,45,Web前端
JavaScript 基本入门语法(详细讲解),/t/RLb2jwDLz,39,Web前端
JavaScript 编程世界——基础篇,/t/xEO8jeDyj,53,Web前端
javaScript基础知识总结,/t/NLXvjDnEV,40,Web前端
JavaScript基础（详细总结）,/t/REQnj7by1,34,Web前端
html+css实现简单雏形博客园,/t/AL2xYn2ER,45,Web前端
html+css布局,/t/pLmRjAnBg,60,Web前端
10 分钟理解 BFC 原理,/t/wyk7NOlyX,47,Web前端
CSS 重点知识汇总,/t/5yv078vBp,58,Web前端
HTML+CSS的小实例,/t/ZBWnjgGLP,45,Web前端
Vue3+TypeScript+vite创建项目步骤,/t/7y4KYpKE3,55,Web前端
Vue 3.x + Typescript + Vite 踩坑指南,/t/xLPZj41Ee,76,Web前端
关于 Vue3 + Vite2 + TypeScript 项目开发的使用总结,/t/kyJmYRzEe,44,Web前端
vite搭建vue3、typeScript项目,/t/DExb4N7LK,54,Web前端
一套规范的vue3+vite2+ts4前端工程化项目环境,/t/OLM9jK1Ld,61,Web前端
[JS-DOM BOM学习笔记]移动端网页特效,/t/MLDpYGRLY,34,Web前端
JS核心之操作DOM和BOM（个人整理最全版，涵盖核心DOM和BOM操作）,/t/NB0WYjKLe,38,Web前端
JS的BOM与DOM操作,/t/vy93YA6BK,61,Web前端
JavaScript中的BOM与DOM,/t/nBzoJ4NE2,38,Web前端
JavaScript Dom 和Bom的区别,/t/pBa1jPZBJ,49,Web前端
JavaScript基础语法,/t/ZBdXjMaBp,45,Web前端
JavaScript 基本入门语法(详细讲解),/t/RLb2jwDLz,39,Web前端
JavaScript 编程世界——基础篇,/t/xEO8jeDyj,53,Web前端
javaScript基础知识总结,/t/NLXvjDnEV,40,Web前端
JavaScript基础（详细总结）,/t/REQnj7by1,34,Web前端
html+css实现简单雏形博客园,/t/AL2xYn2ER,45,Web前端
html+css布局,/t/pLmRjAnBg,60,Web前端
10 分钟理解 BFC 原理,/t/wyk7NOlyX,47,Web前端
CSS 重点知识汇总,/t/5yv078vBp,58,Web前端
HTML+CSS的小实例,/t/ZBWnjgGLP,45,Web前端
jsp response.sendRedirect()用法详解,/t/vEwdQApyJ,115,其他
jsp request.getParameter() 和request.getAttribute()方法区别详解,/t/PE6vn31Eg,105,其他
jsp Response对象页面重定向、时间的动态显示,/t/QEqjzPvyz,94,其他
vue3.0和2.0的区别,/t/DExbrv7LK,112,Web前端
laravel图片验证码插件安装使用,/t/OLM9ov1Ld,116,Web前端
nuxt项目中从列表进入详情，返回记住当前位置,/t/MLDpb4RLY,142,Web前端
小心 Laravel 中的 Model::increment,/t/NB0WqxKLe,129,Web前端
订阅URL怎么购买？新手教程,/t/vy93486BK,121,Web前端
Laravel 4 系列入门教程（一）,/t/nBzo53NE2,146,Web前端
每一个教程完成，我将会git commit一次,/t/pBa1D2ZBJ,137,Web前端
Apipost功能详解,/t/nEYwZl8LN,54,Web前端
Apipost使用技巧,/t/DLjMQGey9,55,Web前端
ApiPost使用指南,/t/YBNA8olLw,64,Web前端
Apipost超高效的生产力工具（入门学习）,/t/pErd30gLd,48,Web前端
API管理神器—Apipost,/t/mLK1vQRE3,52,Web前端
ApiPost简介,/t/ky55eXbya,39,Web前端
利用APIPOST发送API接口POST、PUT等HTTP请求,/t/DLeYannLX,51,Web前端
Apipost全局参数和目录参数怎么用？,/t/VEZ9jVVB3,51,Web前端
简单说说Apipost的几点使用体验,/t/QL7ZY6vyk,47,Web前端
2分钟玩转Apipost,/t/9ElVjdzLR,41,Web前端
jsp response.sendRedirect()用法详解,/t/vEwdQApyJ,115,其他
jsp request.getParameter() 和request.getAttribute()方法区别详解,/t/PE6vn31Eg,105,其他
jsp Response对象页面重定向、时间的动态显示,/t/QEqjzPvyz,94,其他
vue3.0和2.0的区别,/t/DExbrv7LK,112,Web前端
laravel图片验证码插件安装使用,/t/OLM9ov1Ld,116,Web前端
nuxt项目中从列表进入详情，返回记住当前位置,/t/MLDpb4RLY,142,Web前端
小心 Laravel 中的 Model::increment,/t/NB0WqxKLe,129,Web前端
订阅URL怎么购买？新手教程,/t/vy93486BK,121,Web前端
Laravel 4 系列入门教程（一）,/t/nBzo53NE2,146,Web前端
每一个教程完成，我将会git commit一次,/t/pBa1D2ZBJ,137,Web前端
Apipost功能详解,/t/nEYwZl8LN,54,Web前端
Apipost使用技巧,/t/DLjMQGey9,55,Web前端
ApiPost使用指南,/t/YBNA8olLw,64,Web前端
Apipost超高效的生产力工具（入门学习）,/t/pErd30gLd,48,Web前端
API管理神器—Apipost,/t/mLK1vQRE3,52,Web前端
ApiPost简介,/t/ky55eXbya,39,Web前端
利用APIPOST发送API接口POST、PUT等HTTP请求,/t/DLeYannLX,51,Web前端
Apipost全局参数和目录参数怎么用？,/t/VEZ9jVVB3,51,Web前端
简单说说Apipost的几点使用体验,/t/QL7ZY6vyk,47,Web前端
2分钟玩转Apipost,/t/9ElVjdzLR,41,Web前端
关于锁的8个问题,/t/REQ8rxkB1,16674,其他
Wampserver64  报错：无法启动此程序，因为计算机中丢失 MSVCR110.dll。尝试重新安装该程序以解决此问题。,/t/eyV3bRnLX,8066,其他
原创 redis实现接口限流,/t/MLDlY5WLY,98498,其他
VS2017中托管C++程序调用托管C++生成的动态库，程序无法调试的问题（转）,/t/5yvjK49yp,20080,其他
"QT无法解析的外部符号 ""public: virtual struct QMetaObject const TPickThread::metaObject(void)const "" (?metaObject@TPickThread@@UEBAPEBUQMetaObject@@XZ)",/t/vEwdQjRyJ,6717,其他
"报错RuntimeError: Trying to backward through the graph a second time, but the saved intermediate results have already been freed",/t/REQ8jZkB1,93330,其他
全国13所高等院校《社会心理学》编写组编．社会心理学：南开大学出版社 蔡格尼克记忆效应,/t/wLndDOMEg,56104,其他
"Caused by: com.fasterxml.jackson.core.JsonParseException: Illegal character ((CTRL-CHAR, code 31)): only regular white space (\r, \n, \t) is allowed between tokens",/t/DLeDeWYyX,58313,其他
win10安装jenkins报错Service jenkins failed to start verify that you have sufficient privileges to start system services解决办法,/t/6EoX0pryl,38828,其他
浅析Web安全漏洞里的X-Frame-Options、X-XSS-Protection、X-Content-Type-Options响应头配置以及如何通过nginx配置避免,/t/Gy1lvnOEv,54568,其他
AutoCAD.Net/C#.Net QQ群:193522571   当用户使用的不是默认的WCS坐标系时，打印程序容易打成空白，因为点没有转换,/t/ayp8jJZyK,26991,其他
浅析SpringDataRedis、RedisTemplate Api的使用及如何使用RedisTemplate操作Redis的5种数据类型、StringRedisTemplate和RedisTemplate的区别,/t/XyGvxGDEp,46385,其他
SQL注入 Sqli-labs-Less-21（笔记）——还是回显注入 使用union select即可 但是要注意sql括号闭合 也可以报错注入,/t/NLXQoDVBV,86714,其他
Java的数据类型,/t/eyV3jQVLX,28766,其他
C#中 栈，堆你真的懂吗？不理解引用类型和值类型区别的程序员将会给代码引入诡异的bug和性能问题,/t/ZBdw5wWLp,56387,其他
浅析SpringBoot如何使用JavaMailSender发送邮件及遇到问题501 mail from address must be same as authorization user,/t/ayp89pzyK,16498,其他
为什么要有Redis?,/t/pErGa45yd,98,猿生态
Nginx配置文件详解,/t/7y4o8QzE3,155,Linux云计算
jsp使用sessionScope获取session案例详解,/t/lL3Mo3PEn,129,其他
jsp session.setAttribute()和session.getAttribute()用法案例详解,/t/wLndDNdEg,120,其他
关于锁的8个问题,/t/REQ8rxkB1,16674,其他
Wampserver64  报错：无法启动此程序，因为计算机中丢失 MSVCR110.dll。尝试重新安装该程序以解决此问题。,/t/eyV3bRnLX,8066,其他
原创 redis实现接口限流,/t/MLDlY5WLY,98498,其他
VS2017中托管C++程序调用托管C++生成的动态库，程序无法调试的问题（转）,/t/5yvjK49yp,20080,其他
"QT无法解析的外部符号 ""public: virtual struct QMetaObject const TPickThread::metaObject(void)const "" (?metaObject@TPickThread@@UEBAPEBUQMetaObject@@XZ)",/t/vEwdQjRyJ,6717,其他
"报错RuntimeError: Trying to backward through the graph a second time, but the saved intermediate results have already been freed",/t/REQ8jZkB1,93330,其他
全国13所高等院校《社会心理学》编写组编．社会心理学：南开大学出版社 蔡格尼克记忆效应,/t/wLndDOMEg,56104,其他
"Caused by: com.fasterxml.jackson.core.JsonParseException: Illegal character ((CTRL-CHAR, code 31)): only regular white space (\r, \n, \t) is allowed between tokens",/t/DLeDeWYyX,58313,其他
win10安装jenkins报错Service jenkins failed to start verify that you have sufficient privileges to start system services解决办法,/t/6EoX0pryl,38828,其他
浅析Web安全漏洞里的X-Frame-Options、X-XSS-Protection、X-Content-Type-Options响应头配置以及如何通过nginx配置避免,/t/Gy1lvnOEv,54568,其他
AutoCAD.Net/C#.Net QQ群:193522571   当用户使用的不是默认的WCS坐标系时，打印程序容易打成空白，因为点没有转换,/t/ayp8jJZyK,26991,其他
浅析SpringDataRedis、RedisTemplate Api的使用及如何使用RedisTemplate操作Redis的5种数据类型、StringRedisTemplate和RedisTemplate的区别,/t/XyGvxGDEp,46385,其他
SQL注入 Sqli-labs-Less-21（笔记）——还是回显注入 使用union select即可 但是要注意sql括号闭合 也可以报错注入,/t/NLXQoDVBV,86714,其他
Java的数据类型,/t/eyV3jQVLX,28766,其他
C#中 栈，堆你真的懂吗？不理解引用类型和值类型区别的程序员将会给代码引入诡异的bug和性能问题,/t/ZBdw5wWLp,56387,其他
浅析SpringBoot如何使用JavaMailSender发送邮件及遇到问题501 mail from address must be same as authorization user,/t/ayp89pzyK,16498,其他
为什么要有Redis?,/t/pErGa45yd,98,猿生态
Nginx配置文件详解,/t/7y4o8QzE3,155,Linux云计算
jsp使用sessionScope获取session案例详解,/t/lL3Mo3PEn,129,其他
jsp session.setAttribute()和session.getAttribute()用法案例详解,/t/wLndDNdEg,120,其他
jQuery on() 方法,/t/7y4oZm1E3,42639,其他
智慧水务（开篇）,/t/PE6v7eaEg,36675,其他
操作系统 （学习笔记）,/t/pBaW9OAyJ,97510,其他
day8学习笔记,/t/QL7AO4mEk,52704,其他
04.Zookeeper——Zab算法,/t/vy9RJnbLK,58232,其他
shell脚本100例,/t/7y4oZWzE3,57825,其他
Centos安装Mysql,/t/DLeDX6RyX,89150,其他
phpstorm删掉多余空行,/t/zLAmzR8LW,37993,其他
2021.6.8,/t/kyJQl6aEe,45478,其他
"ESA2GJK1DH1K升级篇: STM32远程乒乓升级,基于(Wi-Fi模块AT指令TCP透传方式),MQTT通信控制升级",/t/NB0nYwbye,66074,其他
06.Zookeeper实现分布式锁,/t/6EoXn47yl,96409,其他
jQuery change() 方法,/t/ZBWvZnvLP,29853,其他
java反射详解,/t/ky5pd1WEa,83978,其他
java序列化,/t/ky5pd48Ea,5560,其他
CORS跨域漏洞修复,/t/mLK2oPKy3,38789,其他
学习笔记（2）,/t/QEqj6vNyz,81725,其他
Django（51）drf渲染模块源码分析,/t/RLbJjqPLz,92395,其他
HTML,/t/mLK246Zy3,66746,其他
5、Ajax\form与servlet,/t/pL87PN1y9,93456,其他
ES6 数值的扩展,/t/nEYrPr4yN,48543,其他
jQuery on() 方法,/t/7y4oZm1E3,42639,其他
智慧水务（开篇）,/t/PE6v7eaEg,36675,其他
操作系统 （学习笔记）,/t/pBaW9OAyJ,97510,其他
day8学习笔记,/t/QL7AO4mEk,52704,其他
04.Zookeeper——Zab算法,/t/vy9RJnbLK,58232,其他
shell脚本100例,/t/7y4oZWzE3,57825,其他
Centos安装Mysql,/t/DLeDX6RyX,89150,其他
phpstorm删掉多余空行,/t/zLAmzR8LW,37993,其他
2021.6.8,/t/kyJQl6aEe,45478,其他
"ESA2GJK1DH1K升级篇: STM32远程乒乓升级,基于(Wi-Fi模块AT指令TCP透传方式),MQTT通信控制升级",/t/NB0nYwbye,66074,其他
06.Zookeeper实现分布式锁,/t/6EoXn47yl,96409,其他
jQuery change() 方法,/t/ZBWvZnvLP,29853,其他
java反射详解,/t/ky5pd1WEa,83978,其他
java序列化,/t/ky5pd48Ea,5560,其他
CORS跨域漏洞修复,/t/mLK2oPKy3,38789,其他
学习笔记（2）,/t/QEqj6vNyz,81725,其他
Django（51）drf渲染模块源码分析,/t/RLbJjqPLz,92395,其他
HTML,/t/mLK246Zy3,66746,其他
5、Ajax\form与servlet,/t/pL87PN1y9,93456,其他
ES6 数值的扩展,/t/nEYrPr4yN,48543,其他
Oracle学习笔记,/t/pL87XPvy9,41810,其他
vim常用快捷键,/t/pL87Pnwy9,46766,其他
[转] 各种激活函数对比,/t/pErG302yd,70503,其他
Maven使用教程,/t/REQ80pXB1,77067,其他
Markdown基本写法,/t/MLDlX05LY,54754,其他
Linux命令整理,/t/wyk8413LX,55612,其他
windows基本快捷键,/t/QEqj6Q2yz,38025,其他
docker笔记,/t/NLXQXkDBV,84686,其他
nginx---反向代理缓存,/t/ZBWvZgZLP,47931,其他
Git使用教程,/t/DLRl9abEP,66628,其他
Linux添加环境变量,/t/VEZKJRjy3,88195,其他
Python isinstance() 函数,/t/lL3MKOPEn,77605,其他
centos使用教程,/t/vEwdO7pyJ,86696,其他
汇编：查找匹配字符串,/t/DLeDb0NyX,22624,其他
CentOS 7安装Python3,/t/QEqjnKzyz,33915,其他
SpringBoot + Dubbo + zookeeper,/t/wyk82wlLX,60351,其他
PV操作的两个例子,/t/5yvjZMwyp,6396,其他
KDE美化,/t/OLM2J6oBd,21633,其他
Autofac,/t/pBaW3eAyJ,55667,其他
汇编学习笔记,/t/6EoXMM4yl,76451,其他
Oracle学习笔记,/t/pL87XPvy9,41810,其他
vim常用快捷键,/t/pL87Pnwy9,46766,其他
[转] 各种激活函数对比,/t/pErG302yd,70503,其他
Maven使用教程,/t/REQ80pXB1,77067,其他
Markdown基本写法,/t/MLDlX05LY,54754,其他
Linux命令整理,/t/wyk8413LX,55612,其他
windows基本快捷键,/t/QEqj6Q2yz,38025,其他
docker笔记,/t/NLXQXkDBV,84686,其他
nginx---反向代理缓存,/t/ZBWvZgZLP,47931,其他
Git使用教程,/t/DLRl9abEP,66628,其他
Linux添加环境变量,/t/VEZKJRjy3,88195,其他
Python isinstance() 函数,/t/lL3MKOPEn,77605,其他
centos使用教程,/t/vEwdO7pyJ,86696,其他
汇编：查找匹配字符串,/t/DLeDb0NyX,22624,其他
CentOS 7安装Python3,/t/QEqjnKzyz,33915,其他
SpringBoot + Dubbo + zookeeper,/t/wyk82wlLX,60351,其他
PV操作的两个例子,/t/5yvjZMwyp,6396,其他
KDE美化,/t/OLM2J6oBd,21633,其他
Autofac,/t/pBaW3eAyJ,55667,其他
汇编学习笔记,/t/6EoXMM4yl,76451,其他
特殊装饰器,/t/9ElzoKzLR,79345,其他
ORACLE 生成UUID,/t/zLAmd1MLW,10371,其他
idea 自动导入,/t/eyV373vLX,83882,其他
查看软连接真正位置,/t/PE6vYvxEg,5133,其他
回声服务器,/t/9ElzPxzLR,5248,其他
windows下批量杀死进程,/t/OLM2oG1Bd,40901,其他
Prism Sample 13-IActiveAwareCommands,/t/ayp8jwlyK,26992,其他
最后一块石头的重量 II,/t/nEYrjdayN,12677,其他
第十一次,/t/lL3MzDeEn,9772,其他
java数据结构实现,/t/ky5p7GkEa,69338,其他
[Java]题目集7-9总结,/t/mLK2WP9y3,89772,其他
nginx反向代理sqlserver,/t/eyV3j3DLX,14462,其他
java发送http的get、post请求,/t/xLPvnJqEe,91892,其他
SQL nullif函数,/t/eyV3bj7LX,49581,其他
Beta阶段置顶集合随笔,/t/WygAXQvBn,25354,其他
二值图像像素交换,/t/eyV3KMVLX,23579,其他
Node.js v16.3.0 文档,/t/pBaWDGoyJ,4496,其他
闪现,/t/OLM2Jj1Bd,29650,其他
idea中设置jvm参数,/t/AL2jKq8LR,34234,其他
QCalendarWidget qss样式设置,/t/ayp8oplyK,68631,其他
特殊装饰器,/t/9ElzoKzLR,79345,其他
ORACLE 生成UUID,/t/zLAmd1MLW,10371,其他
idea 自动导入,/t/eyV373vLX,83882,其他
查看软连接真正位置,/t/PE6vYvxEg,5133,其他
回声服务器,/t/9ElzPxzLR,5248,其他
windows下批量杀死进程,/t/OLM2oG1Bd,40901,其他
Prism Sample 13-IActiveAwareCommands,/t/ayp8jwlyK,26992,其他
最后一块石头的重量 II,/t/nEYrjdayN,12677,其他
第十一次,/t/lL3MzDeEn,9772,其他
java数据结构实现,/t/ky5p7GkEa,69338,其他
[Java]题目集7-9总结,/t/mLK2WP9y3,89772,其他
nginx反向代理sqlserver,/t/eyV3j3DLX,14462,其他
java发送http的get、post请求,/t/xLPvnJqEe,91892,其他
SQL nullif函数,/t/eyV3bj7LX,49581,其他
Beta阶段置顶集合随笔,/t/WygAXQvBn,25354,其他
二值图像像素交换,/t/eyV3KMVLX,23579,其他
Node.js v16.3.0 文档,/t/pBaWDGoyJ,4496,其他
闪现,/t/OLM2Jj1Bd,29650,其他
idea中设置jvm参数,/t/AL2jKq8LR,34234,其他
QCalendarWidget qss样式设置,/t/ayp8oplyK,68631,其他
综合系统开发---需求分析,/t/REQ8jRlB1,74442,其他
java环境变量,/t/vEwd7nmyJ,82026,其他
ctfshow 萌新赛签到题,/t/kyJQvOeEe,93655,其他
JavaSE: 异常的抛出,/t/Gy1lrzzEv,20111,其他
怎样安装 Svelte,/t/DLRl9Q0EP,33432,其他
2021.6.2,/t/9ElzmnALR,22601,其他
turtle应用,/t/DExgXWgBK,32417,其他
模板配置,/t/DLRl90dEP,72196,其他
tpshop,/t/vEwdOeYyJ,65946,其他
Windows UI 库 (WinUI),/t/MLDlXQnLY,26335,其他
项目实战从0到1之hive（39）大数据项目之电商数仓（用户行为数据）（七）,/t/NB0nYd4ye,69798,其他
项目实战从0到1之hive（34）大数据项目之电商数仓（用户行为数据采集）（二）,/t/pBaWjkPyJ,77312,其他
buuctf zip伪加密,/t/vy9RJ9bLK,90581,其他
项目实战从0到1之hive（33）大数据项目之电商数仓（用户行为数据采集）（一）,/t/xEOljk8yj,30252,其他
人工智能深度学习入门练习之（22）TensorFlow2教程-用keras构建自己的网络层,/t/AL2jYe4LR,91330,其他
win10  MySQLroot 远程连接,/t/PE6vYJYEg,71984,其他
Day03,/t/zLAm3QxLW,15455,其他
矩阵零空间,/t/xLPvD6qEe,43580,其他
测试计划的设计和编写,/t/OLM2oe1Bd,9712,其他
Windows 命令行常用命令,/t/OLM2jKoBd,14377,其他
综合系统开发---需求分析,/t/REQ8jRlB1,74442,其他
java环境变量,/t/vEwd7nmyJ,82026,其他
ctfshow 萌新赛签到题,/t/kyJQvOeEe,93655,其他
JavaSE: 异常的抛出,/t/Gy1lrzzEv,20111,其他
怎样安装 Svelte,/t/DLRl9Q0EP,33432,其他
2021.6.2,/t/9ElzmnALR,22601,其他
turtle应用,/t/DExgXWgBK,32417,其他
模板配置,/t/DLRl90dEP,72196,其他
tpshop,/t/vEwdOeYyJ,65946,其他
Windows UI 库 (WinUI),/t/MLDlXQnLY,26335,其他
项目实战从0到1之hive（39）大数据项目之电商数仓（用户行为数据）（七）,/t/NB0nYd4ye,69798,其他
项目实战从0到1之hive（34）大数据项目之电商数仓（用户行为数据采集）（二）,/t/pBaWjkPyJ,77312,其他
buuctf zip伪加密,/t/vy9RJ9bLK,90581,其他
项目实战从0到1之hive（33）大数据项目之电商数仓（用户行为数据采集）（一）,/t/xEOljk8yj,30252,其他
人工智能深度学习入门练习之（22）TensorFlow2教程-用keras构建自己的网络层,/t/AL2jYe4LR,91330,其他
win10  MySQLroot 远程连接,/t/PE6vYJYEg,71984,其他
Day03,/t/zLAm3QxLW,15455,其他
矩阵零空间,/t/xLPvD6qEe,43580,其他
测试计划的设计和编写,/t/OLM2oe1Bd,9712,其他
Windows 命令行常用命令,/t/OLM2jKoBd,14377,其他
